date,kind,name,category,amount_EGP,balance_after,calc_balance
2026-01-12,debit,We Bus Egy,موبايل وإنترنت,575.00,,
2026-01-14,debit,ATM BM METRO S,سحب نقدي (ATM),1000.00,,
2026-01-14,debit,KOKIO CHIK,مطاعم وتوصيل,593.00,,
2026-01-14,debit,Qahwa Khan,كافيهات وترفيه,204.96,,
2026-01-14,debit,SAHL,أخرى (غير مصنف),50.00,,
2026-01-17,debit,ATM BM SEVEN H,سحب نقدي (ATM),1000.00,,
2026-01-18,debit,We Bus Egy,موبايل وإنترنت,575.00,,
2026-01-18,debit,ATM BM SEVEN H,سحب نقدي (ATM),500.00,,
2026-01-18,debit,ATM BM SEVEN H,سحب نقدي (ATM),200.00,,
2026-01-19,debit,ATM BM SEVEN H,سحب نقدي (ATM),500.00,,
2026-01-19,debit,PAYMOB-*RA,مدفوعات وتحويلات,120.00,,
2026-01-20,debit,TAKE 5,أخرى (غير مصنف),55.00,,
2026-01-21,debit,Vodafone T,موبايل وإنترنت,15.00,,
2026-01-22,debit,Abu Auf Ar,أخرى (غير مصنف),31.00,,
2026-01-25,debit,Vodafone T,موبايل وإنترنت,38.00,,
2026-01-27,debit,Talabat,مطاعم وتوصيل,357.78,,
2026-01-28,debit,ELFAR HD 7,أخرى (غير مصنف),131.40,,
2026-01-28,debit,Abu Auf Ar,أخرى (غير مصنف),65.00,,
2026-01-29,debit,PAYMOB*AL,مدفوعات وتحويلات,215.00,,
2026-01-31,debit,PAYMOB*THE,مدفوعات وتحويلات,160.00,,
2026-02-01,debit,Talabat,مطاعم وتوصيل,162.24,,
2026-02-01,debit,Talabat,مطاعم وتوصيل,155.99,,
2026-02-02,debit,ATM BM ARABELL,سحب نقدي (ATM),1000.00,,
2026-02-02,debit,ELFAR HD 7,أخرى (غير مصنف),77.00,,
2026-02-02,debit,DiDi,مطاعم وتوصيل,63.00,,
2026-02-03,debit,Talabat,مطاعم وتوصيل,119.51,,
2026-02-04,debit,PAYMOB*AMA,مدفوعات وتحويلات,205.00,,
2026-02-04,debit,Talabat,مطاعم وتوصيل,162.24,,
2026-02-04,debit,Didi Mobil,مطاعم وتوصيل,114.80,,
2026-02-04,debit,Didi Mobil,مطاعم وتوصيل,109.29,,
2026-02-05,debit,ELFAR HD 7,أخرى (غير مصنف),437.20,,
2026-02-08,debit,ELFAR HD 7,أخرى (غير مصنف),70.00,,
2026-02-11,debit,Talabat,مطاعم وتوصيل,442.80,,
2026-02-12,debit,ATM BM DAR KAD,سحب نقدي (ATM),1000.00,,
2026-02-12,debit,Vodafone T,موبايل وإنترنت,222.00,,
2026-02-12,debit,GEIDEA*MUS,أخرى (غير مصنف),200.00,,
2026-02-12,debit,TBS City s,أخرى (غير مصنف),75.00,,
2026-02-15,debit,MAHMOUD EL,أخرى (غير مصنف),170.75,,
2026-02-16,debit,ATM BM BASATA,سحب نقدي (ATM),1000.00,,
2026-02-16,debit,GEIDEA*MUS,أخرى (غير مصنف),200.00,,
2026-02-16,debit,Vodafone T,موبايل وإنترنت,79.00,,
2026-02-17,debit,Talabat,مطاعم وتوصيل,162.24,,
2026-02-18,debit,Talabat,مطاعم وتوصيل,401.06,,
2026-02-18,debit,GEIDEA*MUS,أخرى (غير مصنف),200.00,,
2026-02-22,debit,ATM AWBE,سحب نقدي (ATM),3000.00,,
2026-02-23,debit,Talabat,مطاعم وتوصيل,181.74,,
2026-02-28,debit,ATM BM WE OMAR,سحب نقدي (ATM),3000.00,,
2026-03-03,debit,ATM BM ARBELA,سحب نقدي (ATM),3000.00,,
2026-03-03,debit,DiDi,مطاعم وتوصيل,101.00,,
2026-03-04,debit,Vodafone T,موبايل وإنترنت,222.00,,
2026-03-05,debit,talabat.co,مطاعم وتوصيل,210.49,,
2026-03-05,debit,SOCIAL SPE,كافيهات وترفيه,115.00,,
2026-03-07,debit,ZAWYA CINE,كافيهات وترفيه,260.00,,
2026-03-08,debit,MAHMOUD EL FAR ARABELL,أخرى (غير مصنف),152.22,,
2026-03-10,debit,Talabat,مطاعم وتوصيل,198.74,,
2026-03-10,debit,ELFAR HD 7,أخرى (غير مصنف),70.00,,
2026-03-10,debit,Didi Mobil,مطاعم وتوصيل,21.50,,
2026-03-11,debit,DiDi,مطاعم وتوصيل,20.00,,
2026-03-12,debit,Talabat,مطاعم وتوصيل,196.74,,
2026-03-16,debit,MAHMOUD EL FAR ARABELL,أخرى (غير مصنف),226.32,,
2026-03-18,debit,Social Spe,كافيهات وترفيه,295.00,,
2026-03-18,debit,Talabat,مطاعم وتوصيل,219.00,,
2026-03-18,debit,ABU AUF -,أخرى (غير مصنف),46.00,,
2026-03-19,debit,Talabat,مطاعم وتوصيل,587.57,,
2026-03-19,debit,DiDi,مطاعم وتوصيل,100.10,,
2026-03-20,debit,Didi Mobil,مطاعم وتوصيل,67.00,,
2026-03-22,debit,HATHOUT,مطاعم وتوصيل,40.00,,
2026-03-23,debit,Talabat,مطاعم وتوصيل,155.24,,
2026-03-23,debit,SAHL,أخرى (غير مصنف),105.70,,
2026-03-24,debit,Talabat,مطاعم وتوصيل,162.24,,
2026-03-24,debit,MAHMOUD EL FAR ARABELL,أخرى (غير مصنف),136.50,,
2026-03-26,debit,SAHL,أخرى (غير مصنف),516.53,,
2026-03-26,debit,Vodafone T,موبايل وإنترنت,222.00,,
2026-03-27,debit,Talabat,مطاعم وتوصيل,248.49,,
2026-03-29,debit,Talabat,مطاعم وتوصيل,162.24,,
2026-03-29,debit,DiDi,مطاعم وتوصيل,113.80,,
2026-03-30,debit,ATM NBE ATM248,سحب نقدي (ATM),3000.00,,
2026-03-30,debit,Talabat,مطاعم وتوصيل,172.74,,
2026-04-01,debit,MY FAWRY,مدفوعات وتحويلات,45.32,,
2026-04-02,debit,ATM BM ARBELA,سحب نقدي (ATM),1000.00,,
2026-04-02,debit,Talabat,مطاعم وتوصيل,197.24,,
2026-04-06,debit,Talabat,مطاعم وتوصيل,213.74,,
2026-04-07,debit,Talabat,مطاعم وتوصيل,196.94,,
2026-04-07,debit,Didi Mobil,مطاعم وتوصيل,31.30,,
2026-04-08,debit,Talabat,مطاعم وتوصيل,218.79,,
2026-04-08,debit,Talabat,مطاعم وتوصيل,200.24,,
2026-04-08,debit,Didi Mobil,مطاعم وتوصيل,29.70,,
2026-04-09,debit,Talabat,مطاعم وتوصيل,162.24,,
2026-04-10,debit,ATM BM ELRASHI,سحب نقدي (ATM),1000.00,,
2026-04-11,debit,PAYMOB-*RE,مدفوعات وتحويلات,365.00,,
2026-04-13,debit,Talabat,مطاعم وتوصيل,200.24,,
2026-04-14,debit,ATM BM ARBELA,سحب نقدي (ATM),2000.00,,
2026-04-14,debit,ELFAR HD 7,أخرى (غير مصنف),312.95,,
2026-04-14,debit,Talabat,مطاعم وتوصيل,287.99,,
2026-04-14,debit,Didi Mobil,مطاعم وتوصيل,25.70,,
2026-04-14,debit,Didi Mobil,مطاعم وتوصيل,1.00,,
2026-04-15,debit,Talabat,مطاعم وتوصيل,256.43,,
2026-04-15,debit,Vodafone T,موبايل وإنترنت,222.00,,
2026-04-15,debit,DiDi,مطاعم وتوصيل,146.71,,
2026-04-15,debit,SAHL,أخرى (غير مصنف),50.00,,
2026-04-15,debit,Didi Mobil,مطاعم وتوصيل,26.02,,
2026-04-16,debit,Talabat,مطاعم وتوصيل,318.59,,
2026-04-16,debit,DiDi,مطاعم وتوصيل,32.00,,
2026-04-16,debit,Vodafone T,موبايل وإنترنت,10.00,,
2026-04-18,debit,NEW PENNI,أخرى (غير مصنف),505.00,,
2026-04-19,debit,Qahwa Khan,كافيهات وترفيه,168.00,,
2026-04-19,debit,DiDi,مطاعم وتوصيل,127.99,,
2026-04-19,debit,Talabat,مطاعم وتوصيل,121.49,,
2026-04-19,debit,Didi Mobil,مطاعم وتوصيل,27.00,,
2026-04-19,debit,SAHL,أخرى (غير مصنف),23.00,,
2026-04-19,debit,SAHL,أخرى (غير مصنف),15.95,,
2026-04-20,debit,Talabat,مطاعم وتوصيل,107.24,,
2026-04-21,debit,ATM BM NEW 26,سحب نقدي (ATM),500.00,,
2026-04-22,debit,Talabat,مطاعم وتوصيل,272.26,,
2026-04-22,debit,Didi Mobil,مطاعم وتوصيل,25.72,,
2026-04-22,debit,Didi Mobil,مطاعم وتوصيل,25.40,,
2026-04-23,debit,DiDi,مطاعم وتوصيل,144.00,,
2026-04-23,debit,Didi Mobil,مطاعم وتوصيل,25.40,,
2026-04-24,debit,Vodafone T,موبايل وإنترنت,372.00,,
2026-04-25,debit,ATM BM OLYPMIC,سحب نقدي (ATM),1000.00,,
2026-04-25,debit,NEW PENNI,أخرى (غير مصنف),768.45,,
2026-04-26,debit,Talabat,مطاعم وتوصيل,300.99,,
2026-04-27,debit,Talabat,مطاعم وتوصيل,259.04,,
2026-04-27,debit,Talabat,مطاعم وتوصيل,224.81,,
2026-04-28,debit,ELFAR HD 7,أخرى (غير مصنف),243.80,,
2026-04-28,debit,DiDi,مطاعم وتوصيل,23.90,,
2026-04-28,debit,Didi Mobil,مطاعم وتوصيل,22.40,,
2026-04-29,debit,ELFAR HD 7,أخرى (غير مصنف),154.70,,
2026-04-29,debit,Didi Mobil,مطاعم وتوصيل,25.40,,
2026-04-30,debit,Talabat,مطاعم وتوصيل,201.30,,
2026-04-30,debit,Didi Mobil,مطاعم وتوصيل,23.90,,
2026-04-30,debit,DiDi,مطاعم وتوصيل,23.90,,
2026-05-01,debit,Didi Mobil,مطاعم وتوصيل,23.40,,
2026-05-02,debit,Didi Mobil,مطاعم وتوصيل,42.25,,
2026-05-03,debit,GEIDEA*SAN,أخرى (غير مصنف),220.00,,
2026-05-03,debit,PAYMOB-*ET,مدفوعات وتحويلات,125.00,,
2026-05-03,debit,DiDi,مطاعم وتوصيل,105.37,,
2026-05-03,debit,DiDi,مطاعم وتوصيل,103.67,,
2026-05-03,debit,Didi Mobil,مطاعم وتوصيل,23.90,,
2026-05-03,debit,Didi Mobil,مطاعم وتوصيل,19.33,,
2026-05-04,debit,Talabat,مطاعم وتوصيل,334.01,,
2026-05-04,debit,DiDi,مطاعم وتوصيل,133.91,,
2026-05-04,debit,Didi Mobil,مطاعم وتوصيل,55.00,,
2026-05-04,debit,Didi Mobil,مطاعم وتوصيل,23.90,,
2026-05-04,debit,Didi Mobil,مطاعم وتوصيل,23.30,,
2026-05-04,debit,Didi Mobil,مطاعم وتوصيل,20.32,,
2026-05-05,debit,ELFAR HD 7,أخرى (غير مصنف),272.15,,
2026-05-05,debit,Didi Mobil,مطاعم وتوصيل,26.30,,
2026-05-05,debit,Didi Mobil,مطاعم وتوصيل,24.22,,
2026-05-06,debit,AL SHAMS F,أخرى (غير مصنف),180.00,,
2026-05-06,debit,Didi Mobil,مطاعم وتوصيل,136.27,,
2026-05-06,debit,Didi Mobil,مطاعم وتوصيل,26.30,,
2026-05-06,debit,Didi Mobil,مطاعم وتوصيل,23.90,,
2026-05-07,debit,We Bus Egy,موبايل وإنترنت,1250.00,,
2026-05-07,debit,Talabat,مطاعم وتوصيل,247.59,,
2026-05-07,debit,Didi Mobil,مطاعم وتوصيل,1.00,,
2026-05-08,debit,ATM CIB MOBILE EL NARGS,سحب نقدي (ATM),2000.00,,
2026-05-09,debit,Vodafone T,موبايل وإنترنت,22.00,,
2026-05-10,debit,Talabat,مطاعم وتوصيل,688.98,,
2026-05-10,debit,GEIDEAE*KA,مشتريات ومحلات,455.00,,
2026-05-10,debit,Didi Mobil,مطاعم وتوصيل,26.30,,
2026-05-10,debit,Didi Mobil,مطاعم وتوصيل,24.22,,
2026-05-10,debit,Didi Mobil,مطاعم وتوصيل,1.00,,
2026-05-11,debit,Didi Mobil,مطاعم وتوصيل,26.30,,
2026-05-11,debit,Didi Mobil,مطاعم وتوصيل,5.00,,
2026-05-12,debit,Talabat,مطاعم وتوصيل,286.19,,
2026-05-12,debit,Didi Mobil,مطاعم وتوصيل,26.30,,
2026-05-12,debit,Didi Mobil,مطاعم وتوصيل,23.90,,
2026-05-13,debit,Talabat,مطاعم وتوصيل,456.11,,
2026-05-13,debit,Vodafone T,موبايل وإنترنت,429.00,,
2026-05-13,debit,FRANK CO,كافيهات وترفيه,365.00,,
2026-05-13,debit,AFS Egypt,أخرى (غير مصنف),285.00,,
2026-05-13,debit,DiDi,مطاعم وتوصيل,34.08,,
2026-05-13,debit,Didi Mobil,مطاعم وتوصيل,26.30,,
2026-05-13,debit,Didi Mobil,مطاعم وتوصيل,24.54,,
2026-05-14,debit,GOMLA MARK,بقالة وسوبر ماركت,1440.05,,
2026-05-14,debit,GOMLA MARK,بقالة وسوبر ماركت,474.65,,
2026-05-14,debit,PAYMOB*SLI,مدفوعات وتحويلات,130.00,,
2026-05-14,debit,Vodafone T,موبايل وإنترنت,50.00,,
2026-05-14,debit,Didi Mobil,مطاعم وتوصيل,27.00,,
2026-05-15,debit,AL AIN PHA,صحة وصيدليات,850.00,,
2026-05-15,debit,DiDi,مطاعم وتوصيل,62.74,,
2026-05-15,debit,Didi Mobil,مطاعم وتوصيل,22.70,,
2026-05-15,debit,Didi Mobil,مطاعم وتوصيل,19.00,,
2026-05-15,debit,Didi Mobil,مطاعم وتوصيل,18.20,,
2026-05-16,debit,SAHL,أخرى (غير مصنف),30.00,,
2026-05-16,debit,Didi Mobil,مطاعم وتوصيل,26.98,,
2026-05-16,debit,SAHL,أخرى (غير مصنف),23.00,,
2026-05-16,debit,SAHL,أخرى (غير مصنف),6.00,,
2026-05-17,debit,Talabat,مطاعم وتوصيل,552.98,,
2026-05-17,debit,Talabat,مطاعم وتوصيل,154.74,,
2026-05-17,debit,Didi Mobil,مطاعم وتوصيل,28.40,,
2026-05-17,debit,Didi Mobil,مطاعم وتوصيل,24.54,,
2026-05-18,debit,Talabat,مطاعم وتوصيل,374.74,,
2026-05-19,debit,ATM BM SEVEN H,سحب نقدي (ATM),2000.00,,
2026-05-19,debit,ORANGE,موبايل وإنترنت,400.00,,
2026-05-19,debit,FAWRY*MOBI,مدفوعات وتحويلات,81.00,,
2026-05-21,debit,ATM BM NEW BEK,سحب نقدي (ATM),2000.00,,
2026-05-22,debit,Dr Ekramy,أخرى (غير مصنف),75.00,,
2026-05-23,debit,ATM SHEPHERD A,سحب نقدي (ATM),2000.00,,
2026-05-24,debit,We Bus Egy,موبايل وإنترنت,1250.00,,
2026-05-24,debit,PAYMOB-*PH,مدفوعات وتحويلات,150.00,,
2026-05-25,debit,FAWRYPF*OA,مدفوعات وتحويلات,55.00,,
2026-05-29,debit,AL NASSER,مشتريات ومحلات,425.00,,
2026-05-30,debit,ATM BM DAR EL,سحب نقدي (ATM),3000.00,,
2026-05-30,debit,Didi Mobil,مطاعم وتوصيل,28.10,,
2026-05-30,debit,Didi Mobil,مطاعم وتوصيل,23.80,,
2026-05-30,debit,Didi Mobil,مطاعم وتوصيل,19.84,,
2026-05-30,debit,Didi Mobil,مطاعم وتوصيل,18.88,,
2026-05-31,debit,Sip Down T,كافيهات وترفيه,108.53,,
2026-05-31,debit,MY FAWRY,مدفوعات وتحويلات,45.32,,
2026-05-31,debit,SAHL,أخرى (غير مصنف),30.00,,
2026-05-31,debit,SAHL,أخرى (غير مصنف),27.00,,
2026-05-31,debit,Didi Mobil,مطاعم وتوصيل,25.10,,
2026-05-31,debit,Didi Mobil,مطاعم وتوصيل,22.50,,
2026-05-31,debit,SAHL,أخرى (غير مصنف),6.00,,
2026-06-01,debit,Didi Mobil,مطاعم وتوصيل,31.12,,
2026-06-01,debit,Didi Mobil,مطاعم وتوصيل,27.80,,
2026-06-02,debit,Didi Mobil,مطاعم وتوصيل,28.90,,
2026-06-02,debit,Didi Mobil,مطاعم وتوصيل,27.60,,
2026-06-03,debit,Talabat,مطاعم وتوصيل,214.74,,
2026-06-03,debit,Didi Mobil,مطاعم وتوصيل,28.70,,
2026-06-03,debit,Didi Mobil,مطاعم وتوصيل,27.20,,
2026-06-04,debit,Talabat,مطاعم وتوصيل,229.59,,
2026-06-04,debit,TAZA X TAZ,أخرى (غير مصنف),140.00,,
2026-06-04,debit,AFS Egypt,أخرى (غير مصنف),27.00,,
2026-06-05,debit,HATHOUT,مطاعم وتوصيل,100.00,,
2026-06-06,debit,MONOUFIYA,أخرى (غير مصنف),2077.00,,
2026-06-07,debit,GEIDEAE*ME,مشتريات ومحلات,175.00,,
2026-06-07,debit,FAWRY*NEWP,مدفوعات وتحويلات,120.00,,
2026-06-07,debit,HATHOUT,مطاعم وتوصيل,66.00,,
2026-06-08,debit,TAKOSAN MI,مطاعم وتوصيل,616.00,,
2026-06-08,debit,Vodafone T,موبايل وإنترنت,200.00,,
2026-06-08,debit,PAYMOB*KOF,مدفوعات وتحويلات,90.00,,
2026-06-08,debit,Didi Mobil,مطاعم وتوصيل,60.00,,
2026-06-08,debit,Didi Mobil,مطاعم وتوصيل,56.02,,
2026-06-08,debit,Vodafone T,موبايل وإنترنت,43.00,,
2026-06-08,debit,Didi Mobil,مطاعم وتوصيل,31.30,,
2026-06-08,debit,CAREEM TEM,مطاعم وتوصيل,30.59,,
2026-06-09,debit,Qahwa Khan,كافيهات وترفيه,238.56,,
2026-06-09,debit,DiDi,مطاعم وتوصيل,167.90,,
2026-06-09,debit,DiDi,مطاعم وتوصيل,155.10,,
2026-06-09,debit,Didi Mobil,مطاعم وتوصيل,31.40,,
2026-06-09,debit,CAREEM TEM,مطاعم وتوصيل,27.70,,
2026-06-10,debit,Abu Auf Ar,أخرى (غير مصنف),40.00,,
2026-06-10,debit,Didi Mobil,مطاعم وتوصيل,23.60,,
2026-06-13,debit,CAREEM TEM,مطاعم وتوصيل,25.34,,
2026-06-14,debit,DiDi,مطاعم وتوصيل,136.90,,
2026-06-14,debit,FAWRYPF*MO,مدفوعات وتحويلات,133.00,,
2026-06-14,debit,CAREEM TEM,مطاعم وتوصيل,31.90,,
2026-06-14,debit,CAREEM TEM,مطاعم وتوصيل,31.49,,
2026-06-14,debit,Didi Mobil,مطاعم وتوصيل,29.82,,
2026-06-15,debit,Talabat,مطاعم وتوصيل,187.49,,
2026-06-15,debit,DiDi,مطاعم وتوصيل,146.00,,
2026-06-15,debit,Didi Mobil,مطاعم وتوصيل,33.40,,
2026-06-15,debit,Didi Mobil,مطاعم وتوصيل,31.82,,
2026-06-16,debit,ATM BM ARBYLA,سحب نقدي (ATM),500.00,,
2026-06-16,debit,CLASSIC RO,أخرى (غير مصنف),311.00,,
2026-06-16,debit,Didi Mobil,مطاعم وتوصيل,31.82,,
2026-06-16,debit,DiDi,مطاعم وتوصيل,31.30,,
2026-06-16,refund,نقاط بيع نقدية يوم 16/6/2026,رد مبلغ,28.90,,
2026-06-16,debit,DiDi,مطاعم وتوصيل,28.90,,
2026-06-17,debit,Talabat,مطاعم وتوصيل,403.98,,
2026-06-17,debit,Didi Mobil,مطاعم وتوصيل,34.90,,
2026-06-17,debit,Didi Mobil,مطاعم وتوصيل,29.50,,
2026-06-18,debit,FOAM SEVEN,أخرى (غير مصنف),240.00,,
2026-06-18,debit,FOAM SEVEN,أخرى (غير مصنف),112.00,,
2026-06-18,debit,Didi Mobil,مطاعم وتوصيل,30.42,,
2026-06-18,debit,SAHL,أخرى (غير مصنف),29.00,,
2026-06-18,debit,SAHL,أخرى (غير مصنف),6.00,,
2026-06-19,debit,Talabat,مطاعم وتوصيل,329.79,,
2026-06-19,debit,Didi Mobil,مطاعم وتوصيل,42.38,,
2026-06-20,debit,DiDi,مطاعم وتوصيل,151.20,,
2026-06-20,refund,Didi Mobility Egypt يوم 20/6/2026,رد مبلغ,1.00,,
2026-06-20,debit,Didi Mobility Egypt,مطاعم وتوصيل,1.00,,
2026-06-21,debit,GEIDEAE Blue apple mar,مشتريات ومحلات,160.00,,
2026-06-21,debit,DiDi,مطاعم وتوصيل,157.60,,
2026-06-21,refund,DiDi يوم 21/6/2026,رد مبلغ,132.10,,
2026-06-21,debit,DiDi,مطاعم وتوصيل,132.10,,
2026-06-21,refund,DiDi يوم 21/6/2026,رد مبلغ,130.40,,
2026-06-21,debit,DiDi,مطاعم وتوصيل,130.40,,
2026-06-21,debit,Mayyal May,أخرى (غير مصنف),80.00,,
2026-06-21,debit,Didi Mobility Egypt,مطاعم وتوصيل,32.80,,
2026-06-21,debit,Didi Mobility Egypt,مطاعم وتوصيل,31.62,,
2026-06-22,debit,Talabat,مطاعم وتوصيل,180.94,,
2026-06-22,debit,DiDi,مطاعم وتوصيل,134.35,,
2026-06-22,debit,Didi Mobility Egypt,مطاعم وتوصيل,38.60,,
2026-06-22,debit,Didi Mobility Egypt,مطاعم وتوصيل,31.82,,
2026-06-22,debit,Didi Mobility Egypt,مطاعم وتوصيل,23.82,,
2026-06-23,debit,TAZA X TAZA,مطاعم وتوصيل,270.00,,
2026-06-23,debit,Didi Mobility Egypt,مطاعم وتوصيل,45.10,,
2026-06-24,debit,Didi Mobility Egypt,مطاعم وتوصيل,28.92,,
2026-06-25,debit,Didi Mobility Egypt,مطاعم وتوصيل,21.92,,
2026-06-26,debit,FOAM SEVEN BY 12,أخرى (غير مصنف),425.60,,
2026-06-26,debit,Vodafone T,موبايل وإنترنت,258.00,,
2026-06-26,debit,Didi Mobility Egypt,مطاعم وتوصيل,28.20,,
2026-06-26,debit,CAREEM TEM,مطاعم وتوصيل,27.91,,
2026-06-27,debit,CARIBOU CA,كافيهات وترفيه,210.00,,
2026-06-27,debit,CARIBOU CAFE,كافيهات وترفيه,185.00,,
2026-06-27,debit,Didi Mobility Egypt,مطاعم وتوصيل,30.60,,
2026-06-27,debit,Didi Mobility Egypt,مطاعم وتوصيل,18.73,,
2026-06-28,debit,Didi Mobility Egypt,مطاعم وتوصيل,46.20,,
2026-06-28,debit,Didi Mobility Egypt,مطاعم وتوصيل,44.36,,
2026-06-28,debit,Didi Mobility Egypt,مطاعم وتوصيل,30.60,,
2026-06-29,debit,Vodafone T,موبايل وإنترنت,743.00,,
2026-06-29,debit,Talabat,مطاعم وتوصيل,144.90,,
2026-06-29,debit,Didi Mobility Egypt,مطاعم وتوصيل,30.64,,
2026-06-29,debit,Didi Mobility Egypt,مطاعم وتوصيل,26.60,,
2026-06-30,debit,ZAWYA CINE,كافيهات وترفيه,260.00,,
2026-06-30,debit,Didi Mobil,مطاعم وتوصيل,27.80,,
2026-06-30,debit,Didi Mobility Egypt,مطاعم وتوصيل,26.62,,
2026-06-30,debit,CAREEM TEM,مطاعم وتوصيل,24.46,,
2026-06-30,debit,Didi Mobil,مطاعم وتوصيل,23.10,,
2026-07-01,debit,Talabat,مطاعم وتوصيل,485.51,,
2026-07-01,debit,PAYMOB NEW HAWAII TO,مدفوعات وتحويلات,100.00,,
2026-07-01,debit,Didi,مطاعم وتوصيل,26.70,,
2026-07-01,debit,Didi Mobil,مطاعم وتوصيل,26.70,,
2026-07-01,debit,Didi Mobil,مطاعم وتوصيل,25.90,,
2026-07-02,debit,Talabat,مطاعم وتوصيل,480.98,,
2026-07-02,debit,Didi Mobil,مطاعم وتوصيل,23.60,,
2026-07-03,debit,CILANTRO MOSSADAK STRE,أخرى (غير مصنف),120.00,,
2026-07-03,debit,Didi Mobil,مطاعم وتوصيل,32.70,,
2026-07-04,debit,Talabat,مطاعم وتوصيل,499.29,,
2026-07-04,debit,DiDi,مطاعم وتوصيل,239.40,,
2026-07-04,debit,DiDi,مطاعم وتوصيل,136.30,,
2026-07-04,debit,DiDi,مطاعم وتوصيل,133.20,,
2026-07-04,debit,Didi Mobil,مطاعم وتوصيل,29.02,,
2026-07-05,debit,Didi Mobil,مطاعم وتوصيل,27.92,,
2026-07-05,debit,Didi Mobil,مطاعم وتوصيل,25.80,,
2026-07-06,debit,DiDi,مطاعم وتوصيل,151.40,,
2026-07-06,debit,Didi Mobil,مطاعم وتوصيل,33.60,,
2026-07-06,debit,Didi Mobil,مطاعم وتوصيل,32.30,,
2026-07-06,debit,Didi Mobil,مطاعم وتوصيل,31.20,,
2026-07-07,debit,DiDi,مطاعم وتوصيل,160.30,,
2026-07-07,debit,Didi Mobil,مطاعم وتوصيل,81.82,,
2026-07-07,debit,Didi Mobil,مطاعم وتوصيل,31.00,,
2026-07-07,debit,Didi Mobil,مطاعم وتوصيل,30.00,,
2026-07-08,debit,Talabat,مطاعم وتوصيل,255.99,,
2026-07-08,debit,DiDi,مطاعم وتوصيل,151.90,,
2026-07-08,debit,DiDi,مطاعم وتوصيل,141.80,,
2026-07-08,debit,Didi Mobil,مطاعم وتوصيل,28.10,,
2026-07-08,debit,Didi Mobil,مطاعم وتوصيل,27.80,,
2026-07-08,debit,Didi,مطاعم وتوصيل,26.80,,
2026-07-09,debit,Didi Mobil,مطاعم وتوصيل,32.60,,
2026-07-09,debit,ABU AUF -,أخرى (غير مصنف),32.00,,
2026-07-10,debit,HATHOUT,مطاعم وتوصيل,100.00,,
2026-07-12,debit,We Bus Egypt,موبايل وإنترنت,650.00,,
2026-07-12,debit,Talabat,مطاعم وتوصيل,180.94,,
2026-07-12,debit,DiDi,مطاعم وتوصيل,148.00,,
2026-07-12,debit,Didi Mobil,مطاعم وتوصيل,41.30,,
2026-07-12,debit,Didi Mobil,مطاعم وتوصيل,28.10,,
2026-07-12,debit,Didi Mobil,مطاعم وتوصيل,27.12,,
2026-07-13,debit,AMAZON,تسوق أونلاين,368.25,,
2026-07-13,debit,Didi Mobil,مطاعم وتوصيل,61.00,,
2026-07-13,debit,Didi Mobil,مطاعم وتوصيل,27.30,,
2026-07-14,debit,Didi Mobil,مطاعم وتوصيل,27.24,,
2026-07-14,debit,Didi Mobil,مطاعم وتوصيل,25.60,,
2026-07-15,debit,ATM NBE ATM988,سحب نقدي (ATM),4000.00,,
2026-07-15,debit,AL NASSER,مشتريات ومحلات,275.00,,
2026-07-15,debit,Didi Mobil,مطاعم وتوصيل,27.80,,
2026-07-15,debit,Didi Mobil,مطاعم وتوصيل,26.40,,
2026-07-15,debit,Didi Mobil,مطاعم وتوصيل,26.02,,
2026-07-15,debit,Didi Mobil,مطاعم وتوصيل,25.50,,
2026-07-16,debit,Didi Mobil,مطاعم وتوصيل,79.10,,
2026-07-21,debit,DiDi,مطاعم وتوصيل,227.70,,
2026-07-21,debit,Didi Mobil,مطاعم وتوصيل,80.40,,
2026-07-22,debit,Talabat,مطاعم وتوصيل,196.69,,
2026-07-22,debit,DiDi,مطاعم وتوصيل,123.00,,
2026-07-22,debit,Didi Mobil,مطاعم وتوصيل,78.80,,
2026-07-22,debit,Didi Mobil,مطاعم وتوصيل,42.70,,
2026-07-22,debit,Didi Mobil,مطاعم وتوصيل,25.60,,
2026-07-23,debit,Talabat,مطاعم وتوصيل,814.13,,
2026-07-23,debit,DiDi,مطاعم وتوصيل,200.20,,
2026-07-23,debit,Talabat,مطاعم وتوصيل,167.64,,
2026-07-24,debit,Talabat,مطاعم وتوصيل,451.62,,
2026-07-25,debit,Talabat,مطاعم وتوصيل,32.39,,
2026-07-26,debit,Vodafone T,موبايل وإنترنت,743.00,,
2026-07-26,debit,DiDi,مطاعم وتوصيل,187.40,,
2026-07-26,debit,Didi Mobil,مطاعم وتوصيل,39.72,,
2026-07-26,debit,Didi Mobility Egypt,مطاعم وتوصيل,34.70,,
2026-07-26,debit,Didi Mobility Egypt,مطاعم وتوصيل,27.70,,
2026-07-26,debit,Vodafone T,موبايل وإنترنت,5.00,,
2026-07-27,debit,Talabat,مطاعم وتوصيل,874.99,,
2026-07-27,debit,ELFAR HD 7,أخرى (غير مصنف),352.95,,
2026-07-27,debit,Talabat,مطاعم وتوصيل,233.99,,
2026-07-27,debit,Didi Mobility Egypt,مطاعم وتوصيل,36.70,,
2026-07-27,debit,Didi Mobility Egypt,مطاعم وتوصيل,25.40,,
2026-07-27,debit,Didi Mobility Egypt,مطاعم وتوصيل,5.00,,
2026-07-28,debit,GEIDEA*NOM,أخرى (غير مصنف),220.00,,
2026-07-28,debit,Didi Mobility Egypt,مطاعم وتوصيل,37.30,,
2026-07-28,debit,Didi Mobility Egypt,مطاعم وتوصيل,29.92,,
2026-07-29,debit,DiDi,مطاعم وتوصيل,208.00,,
2026-07-29,debit,DiDi,مطاعم وتوصيل,195.70,,
2026-07-29,debit,DiDi,مطاعم وتوصيل,185.60,,
2026-07-29,debit,Didi Mobil,مطاعم وتوصيل,29.92,,
2026-07-30,debit,Vodafone T,موبايل وإنترنت,186.00,,
2026-07-30,debit,Didi Mobil,مطاعم وتوصيل,34.30,,
2026-07-30,debit,ABU AUF -,أخرى (غير مصنف),25.00,,
2026-08-01,debit,Breadfast,بقالة وسوبر ماركت,317.30,,
2026-08-01,debit,DiDi,مطاعم وتوصيل,145.80,,
2026-08-01,debit,Didi Mobil,مطاعم وتوصيل,106.00,,
2026-08-01,debit,Didi Mobil,مطاعم وتوصيل,79.20,,
2026-08-02,debit,ATM BM RAMSES,سحب نقدي (ATM),1000.00,,
2026-08-02,debit,Talabat,مطاعم وتوصيل,255.99,,
2026-08-02,debit,Didi Mobil,مطاعم وتوصيل,42.04,,
2026-08-02,debit,Didi Mobil,مطاعم وتوصيل,36.50,,
2026-08-02,debit,Didi Mobil,مطاعم وتوصيل,32.30,,
2026-08-03,debit,Breadfast,بقالة وسوبر ماركت,154.50,,
2026-08-03,debit,Talabat,مطاعم وتوصيل,76.49,,
2026-08-03,debit,Didi Mobil,مطاعم وتوصيل,44.92,,
2026-08-03,debit,Didi Mobil,مطاعم وتوصيل,30.70,,
2026-08-04,debit,Talabat,مطاعم وتوصيل,165.24,,
2026-08-05,debit,Breadfast,بقالة وسوبر ماركت,363.00,,
2026-08-05,debit,Didi Mobil,مطاعم وتوصيل,28.50,,
2026-08-05,debit,Didi Mobil,مطاعم وتوصيل,28.30,,
2026-08-06,debit,ATM BM EL DOKI,سحب نقدي (ATM),1000.00,,
2026-08-06,debit,DiDi,مطاعم وتوصيل,261.70,,
2026-08-06,debit,DiDi,مطاعم وتوصيل,259.60,,
2026-08-06,debit,Talabat,مطاعم وتوصيل,97.00,,
2026-08-06,debit,GEIDEA*ABD,أخرى (غير مصنف),55.00,,
2026-08-06,debit,Breadfast,بقالة وسوبر ماركت,1.00,,
2026-08-07,debit,ARAFA TALAAT HARB SE,مشتريات ومحلات,899.99,,
2026-08-07,debit,Sip Down Town,كافيهات وترفيه,237.48,,
2026-08-08,debit,Talabat,مطاعم وتوصيل,326.49,,
2026-08-08,debit,Didi Mobility Egypt,مطاعم وتوصيل,78.50,,
2026-08-08,debit,Didi Mobility Egypt,مطاعم وتوصيل,60.00,,
2026-08-08,debit,Didi Mobility Egypt,مطاعم وتوصيل,59.40,,
2026-08-09,debit,Didi Mobility Egypt,مطاعم وتوصيل,41.00,,
2026-08-09,debit,Didi Mobility Egypt,مطاعم وتوصيل,37.72,,
2026-08-09,debit,Didi Mobility Egypt,مطاعم وتوصيل,28.10,,
2026-08-10,debit,ATM SEVEN STAR MALL TAGAMO,سحب نقدي (ATM),1000.00,,
2026-08-10,debit,FAWRYPF*DEEPA,مدفوعات وتحويلات,900.00,,
2026-08-10,debit,Didi Mobility Egypt,مطاعم وتوصيل,38.54,,
2026-08-10,debit,Didi Mobility Egypt,مطاعم وتوصيل,24.80,,
2026-08-11,debit,Talabat,مطاعم وتوصيل,358.74,,
2026-08-11,debit,Didi Mobility Egypt,مطاعم وتوصيل,32.60,,
2026-08-11,debit,Didi Mobility Egypt,مطاعم وتوصيل,29.10,,
2026-08-12,debit,Vodafone Top Up APP,موبايل وإنترنت,258.00,,
2026-08-12,debit,Didi Mobility Egypt,مطاعم وتوصيل,45.00,,
2026-08-12,debit,Didi Mobility Egypt,مطاعم وتوصيل,43.94,,
2026-08-12,debit,Didi Mobility Egypt,مطاعم وتوصيل,32.92,,
2026-08-12,debit,Didi Mobility Egypt,مطاعم وتوصيل,25.70,,
2026-08-14,refund,DiDi يوم 14/8/2026,رد مبلغ,384.30,,
2026-08-14,debit,DiDi,مطاعم وتوصيل,384.30,,
2026-08-15,debit,FAWRYPF*LAPOIRE,مدفوعات وتحويلات,276.64,,
2026-08-15,debit,Didi Mobility Egypt,مطاعم وتوصيل,62.80,,
2026-08-15,debit,E FINANCE MUSEUMS,أخرى (غير مصنف),60.00,,
2026-08-15,debit,Didi Mobility Egypt,مطاعم وتوصيل,58.90,,
2026-08-16,debit,DiDi,مطاعم وتوصيل,203.50,,
2026-08-16,debit,Didi Mobility Egypt,مطاعم وتوصيل,37.30,,
2026-08-17,debit,Didi Mobility Egypt,مطاعم وتوصيل,45.90,,
2026-08-17,debit,Didi Mobility Egypt,مطاعم وتوصيل,43.12,,
2026-08-17,debit,Didi Mobility Egypt,مطاعم وتوصيل,34.00,,
2026-08-18,debit,ATM CIB Ramsis BR I,سحب نقدي (ATM),1000.00,,
2026-08-18,debit,Didi Mobility Egypt,مطاعم وتوصيل,106.20,,
2026-08-18,debit,Didi Mobility Egypt,مطاعم وتوصيل,43.24,,
2026-08-18,debit,Didi Mobility Egypt,مطاعم وتوصيل,30.40,,
2026-08-18,debit,Didi Mobility Egypt,مطاعم وتوصيل,26.60,,
2026-08-19,debit,Talabat,مطاعم وتوصيل,455.81,,
2026-08-19,debit,Didi Mobility Egypt,مطاعم وتوصيل,33.40,,
2026-08-19,debit,Didi Mobility Egypt,مطاعم وتوصيل,29.54,,
2026-08-20,debit,ATM CIB MOSADAK II,سحب نقدي (ATM),800.00,,
2026-08-20,debit,FAWRYPF*LAPOIRE,مدفوعات وتحويلات,553.28,,
2026-08-20,debit,DiDi,مطاعم وتوصيل,227.60,,
2026-08-20,debit,Didi Mobility Egypt,مطاعم وتوصيل,62.64,,
2026-08-21,debit,Talabat,مطاعم وتوصيل,215.97,,
2026-08-21,debit,DOZO CAFFE-dokki,كافيهات وترفيه,105.00,,
2026-08-21,debit,REMAS LAND,أخرى (غير مصنف),86.00,,
2026-08-22,debit,TABOULA,مطاعم وتوصيل,944.01,,
2026-08-22,debit,DOZO CAFFE-dokki,كافيهات وترفيه,220.00,,
2026-08-22,debit,LINES EXPRESS,أخرى (غير مصنف),115.00,,
2026-08-22,debit,Didi Mobility Egypt,مطاعم وتوصيل,85.00,,
2026-08-22,debit,Didi Mobility Egypt,مطاعم وتوصيل,74.90,,
2026-08-22,debit,Didi Mobility Egypt,مطاعم وتوصيل,59.40,,
2026-08-23,debit,ibn alsham,مطاعم وتوصيل,1248.80,,
2026-08-23,debit,Talabat,مطاعم وتوصيل,338.24,,
2026-08-23,debit,PAYMOB*SEELAZ EL RAH,مدفوعات وتحويلات,150.00,,
2026-08-23,debit,Didi Mobility Egypt,مطاعم وتوصيل,68.10,,
2026-08-23,debit,Didi Mobility Egypt,مطاعم وتوصيل,40.82,,
2026-08-24,debit,Didi Mobility Egypt,مطاعم وتوصيل,40.50,,
2026-08-24,debit,Didi Mobility Egypt,مطاعم وتوصيل,32.30,,
2026-08-25,debit,ATM EL DOKI AUTO BR 1,سحب نقدي (ATM),1000.00,,
2026-08-25,debit,Didi Mobility Egypt,مطاعم وتوصيل,43.42,,
2026-08-25,debit,Didi Mobility Egypt,مطاعم وتوصيل,43.10,,
2026-08-26,debit,Talabat,مطاعم وتوصيل,588.29,,
2026-08-26,debit,Talabat,مطاعم وتوصيل,439.09,,
2026-08-26,debit,DOZO CAFFE-dokki,كافيهات وترفيه,105.00,,
2026-08-26,debit,Didi Mobility Egypt,مطاعم وتوصيل,50.10,,
2026-08-26,debit,Didi Mobility Egypt,مطاعم وتوصيل,44.38,,
2026-08-27,debit,Didi Mobility Egypt,مطاعم وتوصيل,61.30,,
2026-08-27,debit,Didi Mobility Egypt,مطاعم وتوصيل,10.00,,
2026-08-28,debit,DOZO CAFFE dokki,كافيهات وترفيه,115.00,,
2026-08-28,debit,DOZO CAFFE-dokki,كافيهات وترفيه,105.00,,
2026-08-29,debit,Vodafone Top Up APP,موبايل وإنترنت,743.00,,
2026-08-29,debit,DiDi,مطاعم وتوصيل,232.00,,
2026-08-29,debit,GEIDEA*ABDOUALLAH RE,أخرى (غير مصنف),230.84,,
2026-08-29,debit,VODAFONE EGYPT,موبايل وإنترنت,1.00,,
2026-08-30,debit,Didi Mobility Egypt,مطاعم وتوصيل,28.92,,
2026-08-31,debit,Didi Mobility Egypt,مطاعم وتوصيل,33.50,,
2026-08-31,debit,Didi Mobility Egypt,مطاعم وتوصيل,27.60,,
2026-09-01,debit,Didi Mobility Egypt,مطاعم وتوصيل,33.40,,
2026-09-01,debit,Didi Mobility Egypt,مطاعم وتوصيل,28.80,,
2026-09-01,refund,VODAFONE EGYPT يوم 1/9/2026,رد مبلغ,1.00,,
2026-09-02,debit,ATM - WATER COMPANY KOZZIK,سحب نقدي (ATM),2000.00,,
2026-09-02,debit,Talabat,مطاعم وتوصيل,398.73,,
2026-09-02,debit,Talabat,مطاعم وتوصيل,296.69,,
2026-09-02,debit,POTTERY,مشتريات ومحلات,269.00,,
2026-09-03,debit,ARAFA TALAAT HARB - SENIO,مشتريات ومحلات,899.99,,
2026-09-03,debit,Vodafone Top Up APP,موبايل وإنترنت,258.00,,
2026-09-03,debit,Sip Down Town,كافيهات وترفيه,118.74,,
2026-09-03,debit,DOZO CAFFE-dokki,كافيهات وترفيه,105.00,,
2026-09-03,debit,Didi Mobility Egypt,مطاعم وتوصيل,83.00,,
2026-09-03,debit,Sip Down Town,كافيهات وترفيه,19.15,,
2026-09-05,debit,Talabat,مطاعم وتوصيل,253.05,,
2026-09-06,debit,MAHMOUD EL FAR ARABELL,أخرى (غير مصنف),1020.69,,
2026-09-06,debit,Didi Mobility Egypt,مطاعم وتوصيل,33.00,,
2026-09-06,debit,Didi Mobility Egypt,مطاعم وتوصيل,31.92,,
2026-09-07,debit,DiDi,مطاعم وتوصيل,223.10,,
2026-09-07,debit,Didi Mobility Egypt,مطاعم وتوصيل,40.41,,
2026-09-08,debit,Talabat,مطاعم وتوصيل,257.99,,
2026-09-08,debit,Didi Mobility Egypt,مطاعم وتوصيل,43.00,,
2026-09-08,debit,Didi Mobility Egypt,مطاعم وتوصيل,31.40,,
2026-09-09,debit,Talabat,مطاعم وتوصيل,300.99,,
2026-09-09,debit,Breadfast,بقالة وسوبر ماركت,183.40,,
2026-09-09,debit,Didi Mobility Egypt,مطاعم وتوصيل,33.50,,
2026-09-09,debit,Didi Mobility Egypt,مطاعم وتوصيل,32.22,,
2026-09-10,debit,Talabat,مطاعم وتوصيل,498.75,,
2026-09-10,debit,AMAZON,تسوق أونلاين,326.00,,
2026-09-10,debit,Didi Mobility Egypt,مطاعم وتوصيل,78.80,,
2026-09-11,debit,Dejavu Mohey El Din,أخرى (غير مصنف),720.00,,
2026-09-11,debit,DOZO CAFFE-dokki,كافيهات وترفيه,209.99,,
2026-09-11,debit,DiDi,مطاعم وتوصيل,174.20,,
2026-09-11,debit,GEIDEAE COFFEE,مشتريات ومحلات,155.00,,
2026-09-11,debit,Didi Mobility Egypt,مطاعم وتوصيل,116.70,,
2026-09-12,debit,ATM CIB MOSADAK I,سحب نقدي (ATM),1000.00,,
2026-09-12,debit,Vodafone Top Up APP,موبايل وإنترنت,743.00,,
2026-09-12,debit,DOZO CAFFE-dokki,كافيهات وترفيه,210.00,,
2026-09-12,debit,Didi Mobility Egypt,مطاعم وتوصيل,42.84,,
2026-09-12,debit,Didi Mobility Egypt,مطاعم وتوصيل,39.60,,
2026-09-13,debit,DiDi,مطاعم وتوصيل,169.30,,
2026-09-13,debit,Didi Mobility Egypt,مطاعم وتوصيل,40.50,,
2026-09-13,debit,Didi Mobility Egypt,مطاعم وتوصيل,25.60,,
2026-09-14,debit,DiDi,مطاعم وتوصيل,142.80,,
2026-09-14,debit,Didi Mobility Egypt,مطاعم وتوصيل,34.90,,
2026-09-14,debit,Didi Mobility Egypt,مطاعم وتوصيل,28.70,,
2026-09-15,debit,DiDi,مطاعم وتوصيل,199.90,,
2026-09-15,debit,Didi Mobility Egypt,مطاعم وتوصيل,30.50,,
2026-09-15,debit,Didi Mobility Egypt,مطاعم وتوصيل,24.90,,
2026-09-16,debit,ATM CIB MOSADAK III,سحب نقدي (ATM),500.00,,
2026-09-16,debit,Didi Mobility Egypt,مطاعم وتوصيل,46.40,,
2026-09-16,debit,Didi Mobility Egypt,مطاعم وتوصيل,26.90,,
2026-09-17,debit,DOZO CAFFE dokki,كافيهات وترفيه,209.99,,
2026-09-18,debit,ATM CIB MOSADAK I,سحب نقدي (ATM),500.00,,
2026-09-18,debit,PAYMOB Rehana Banha,مدفوعات وتحويلات,305.00,,
2026-09-20,debit,Didi Mobility Egypt,مطاعم وتوصيل,58.40,,
2026-09-20,debit,ELFAR HD 7,أخرى (غير مصنف),50.00,,
2026-09-20,debit,Didi Mobility Egypt,مطاعم وتوصيل,31.30,,
2026-09-20,debit,Didi Mobility Egypt,مطاعم وتوصيل,26.22,,
2026-09-21,debit,EGYPTIAN HOUSE OF BOOKS,مشتريات ومحلات,749.05,,
2026-09-21,debit,ATM NBE ATM511,سحب نقدي (ATM),500.00,,
2026-09-21,debit,DOZO CAFFE dokki,كافيهات وترفيه,210.00,,
2026-09-21,debit,Didi Mobility Egypt,مطاعم وتوصيل,73.80,,
2026-09-22,debit,Didi Mobility Egypt,مطاعم وتوصيل,39.50,,
2026-09-22,debit,Didi Mobility Egypt,مطاعم وتوصيل,36.90,,
2026-09-22,debit,Didi Mobility Egypt,مطاعم وتوصيل,17.00,,
2026-09-23,debit,Talabat,مطاعم وتوصيل,360.64,,
2026-09-23,debit,Didi Mobility Egypt,مطاعم وتوصيل,30.82,,
2026-09-23,debit,Didi Mobility Egypt,مطاعم وتوصيل,22.00,,
2026-09-24,credit,ايداع CIB MOSADAK IMOSADAK I,وارد,5400.00,,
2026-09-24,debit,DOZO CAFFE-dokki,كافيهات وترفيه,210.00,,
2026-09-24,refund,DiDi يوم 24/9/2026,رد مبلغ,33.15,,
2026-09-24,debit,DiDi,مطاعم وتوصيل,33.15,,
2026-09-25,debit,Talabat,مطاعم وتوصيل,362.56,,
2026-09-25,debit,DOZO CAFFE dokki,كافيهات وترفيه,105.00,,
2026-09-25,debit,Didi Mobility Egypt,مطاعم وتوصيل,81.70,,
2026-09-27,debit,Talabat,مطاعم وتوصيل,379.90,,
2026-09-27,debit,Talabat,مطاعم وتوصيل,168.68,,
